{"employees" : [
    { "name" : "Aleksander Łukaszewicz", "position" : "CEO", "img" : "employee1.jpg", "selfdescription" : "Lorem ipsum dolor sit amet consectetur, adipisicing elit. Doloremque delectus laudantium tempore pariatur, aliquam commodi at repellat nulla magnam quidem ab natus voluptatibus eveniet optio nemo cupiditate? Ex, officiis. Doloremque quod sunt aliquid ipsum nisi quis dolores maiores nam aperiam. Dolores consequatur quaerat vero reprehenderit. Voluptatum accusantium saepe dolor officia!"},
    { "name" : "Barbara Adamczyk", "position" : "Renneisance Woman", "img" : "employee3.jpg", "selfdescription" : "Lorem ipsum dolor sit amet consectetur, adipisicing elit. Doloremque delectus laudantium tempore pariatur, aliquam commodi at repellat nulla magnam quidem ab natus voluptatibus eveniet optio nemo cupiditate? Ex, officiis. Doloremque quod sunt aliquid ipsum nisi quis dolores maiores nam aperiam. Dolores consequatur quaerat vero reprehenderit. Voluptatum accusantium saepe dolor officia!"},
    { "name" : "Cecylia Łódzka", "position" : "Graphic Designer", "img" : "employee5.jpg", "selfdescription" : "Lorem ipsum dolor sit amet consectetur, adipisicing elit. Doloremque delectus laudantium tempore pariatur, aliquam commodi at repellat nulla magnam quidem ab natus voluptatibus eveniet optio nemo cupiditate? Ex, officiis. Doloremque quod sunt aliquid ipsum nisi quis dolores maiores nam aperiam. Dolores consequatur quaerat vero reprehenderit. Voluptatum accusantium saepe dolor officia!"},
    { "name" : "Dominik Nocny", "position" : "IT Guy", "img" : "employee2.jpg", "selfdescription" : "Lorem ipsum dolor sit amet consectetur, adipisicing elit. Doloremque delectus laudantium tempore pariatur, aliquam commodi at repellat nulla magnam quidem ab natus voluptatibus eveniet optio nemo cupiditate? Ex, officiis. Doloremque quod sunt aliquid ipsum nisi quis dolores maiores nam aperiam. Dolores consequatur quaerat vero reprehenderit. Voluptatum accusantium saepe dolor officia!"},
    { "name" : "Eugeniusz Stachowicz", "position" : "Technician", "img" : "employee4.jpg", "selfdescription" : "Lorem ipsum dolor sit amet consectetur, adipisicing elit. Doloremque delectus laudantium tempore pariatur, aliquam commodi at repellat nulla magnam quidem ab natus voluptatibus eveniet optio nemo cupiditate? Ex, officiis. Doloremque quod sunt aliquid ipsum nisi quis dolores maiores nam aperiam. Dolores consequatur quaerat vero reprehenderit. Voluptatum accusantium saepe dolor officia!"},
    { "name" : "Filip Konopnicki", "position" : "Editor", "img" : "employee6.jpg", "selfdescription" : "Lorem ipsum dolor sit amet consectetur, adipisicing elit. Doloremque delectus laudantium tempore pariatur, aliquam commodi at repellat nulla magnam quidem ab natus voluptatibus eveniet optio nemo cupiditate? Ex, officiis. Doloremque quod sunt aliquid ipsum nisi quis dolores maiores nam aperiam. Dolores consequatur quaerat vero reprehenderit. Voluptatum accusantium saepe dolor officia!"},
    { "name" : "Grażyna Sernikowa", "position" : "Dean's Office Secretary", "img" : "employee7.jpg", "selfdescription" : "Lorem ipsum dolor sit amet consectetur, adipisicing elit. Doloremque delectus laudantium tempore pariatur, aliquam commodi at repellat nulla magnam quidem ab natus voluptatibus eveniet optio nemo cupiditate? Ex, officiis. Doloremque quod sunt aliquid ipsum nisi quis dolores maiores nam aperiam. Dolores consequatur quaerat vero reprehenderit. Voluptatum accusantium saepe dolor officia!"}
]
}